step,ref_x,ref_y,sim_x,sim_y,err_x,err_y,u_x,u_y
0,-0.2687201379137996,0.10032081692292531,-0.2536478667606383,0.12242981290763842,0.015072271153161343,0.02210899598471311,4.430276142012668,-7.045996704743837
1,-0.4561713230230813,-0.004166929167640068,-0.3608665100717227,0.05327479592473626,0.09530481295135856,0.05744172509237633,30.28207069342861,-22.82878089339903
2,-0.73604723193421,-0.13175852083458403,-0.5735767510085005,-0.05403626119289512,0.16247048092570948,0.07772225964168891,61.45984422538245,-36.383926365943516
3,-0.9493810273632085,-0.18248797991117055,-0.8032729990208257,-0.13877438586616,0.1461080283423828,0.043713594045010545,66.25011726159042,-29.404796433161714
4,-1.0216565835707883,-0.06566431773786469,-0.9517727722187795,-0.11538831009593528,0.06988381135200872,-0.049723992358070596,42.64400200301582,5.279285191609063
5,-0.9567403275855628,0.10492561032412831,-0.9772105645025714,0.003716714560491663,-0.020470236917008555,-0.10120889576363665,6.254207354965537,36.72577758201173
6,-0.7858701387999723,0.2514671085314642,-0.8842734926995318,0.1493552059847116,-0.09840335389955956,-0.10211190254675259,-29.73832408976201,47.06991358895346
7,-0.6977494784029112,0.40489501932081146,-0.7754924701368601,0.300046046450158,-0.07774299173394883,-0.10484897287065348,-34.28396669170004,48.31751543906841
8,-0.7545001413713144,0.5502580173340901,-0.7534598155628498,0.44987795013797577,0.0010403258084645817,-0.10038006719611431,-7.29022604866507,45.17030738806752
9,-0.7269619120586637,0.6379798290675045,-0.7463871992464476,0.5686570299135382,-0.019425287187783913,-0.06932279915396633,-3.2027132531584144,34.95554594120611
10,-0.6659971779151526,0.6437030337673735,-0.7074711118012282,0.6243126875646028,-0.041473933886075676,-0.019390346202770692,-14.167293256077745,16.568833249738766
11,-0.5926628976398531,0.6488203570108128,-0.6459513560900467,0.6433460481005916,-0.05328845845019359,-0.0054743089102211595,-21.66953690615383,6.027062615822121
12,-0.6130687984144438,0.6816789960754462,-0.6222566120242763,0.6662140266650037,-0.009187813609832451,-0.015464969410442508,-9.725957985843063,6.07448831021908
13,-0.7808583443375341,0.9001445164072127,-0.7042179908243572,0.789396543041602,0.07664035351317688,-0.11074797336561071,24.846291410025277,33.0883781082203
14,-0.9398049307003112,1.1186543637288566,-0.8445875929239371,0.9830486545064204,0.09521733777637409,-0.1356057092224362,43.99040621080769,52.24408650033081
15,-1.1122656224139047,1.2933370406479927,-1.0054025680150416,1.173511997792037,0.10686305439886312,-0.11982504285595574,49.97446482412582,50.42676858527274
16,-1.2754858008767254,1.3304551982068102,-1.1700154186820286,1.2839294338356795,0.10547038219469673,-0.04652576437113076,49.44084975875635,26.344581681469947
17,-1.4526922748949047,1.1810552865867052,-1.3407273596457179,1.2475323308408908,0.11196491524918684,0.06647704425418555,48.30139188465732,-17.42090532982681
18,-1.5738126861526802,0.9731518197651003,-1.4887600877046614,1.099087584516481,0.08505259844801882,0.12593576475138057,38.7698868876898,-49.93582554734122
19,-1.5501655146292612,0.8620720708229559,-1.5457273398144542,0.9551399855197902,0.004438174814807017,0.09306791469683429,10.379938605139056,-46.01760377542935
20,-1.346702833683102,0.9016296672274995,-1.4549180068831857,0.9099448447819014,-0.10821517320008378,0.00831517755440192,-33.40569495552203,-12.712380221394273
21,-1.1347660495492489,1.0463987573154698,-1.2782016734698827,0.978984280980203,-0.1434356239206338,-0.06741447633526687,-57.52984572117587,23.477120543817506
22,-0.896075128198609,1.0930151776478187,-1.0618098202332507,1.0547181906765097,-0.16573469203464164,-0.03829698697130901,-69.24113388546444,26.27844673025174
23,-0.6689780384318977,0.9959598327653888,-0.8470915158260932,1.0389595760896846,-0.17811347739419547,0.04299974332429579,-70.0,-1.2531115930131722
24,-0.4451217398497219,0.9115183021730773,-0.6340093211632013,0.9711137711335932,-0.18888758131347938,0.05959546896051593,-70.0,-16.965743646874216
25,-0.2674435687419785,0.716542802264049,-0.4233549186797079,0.8349146991537738,-0.15591134993772943,0.11837189688972483,-70.0,-37.43330185531492
26,-0.07354789922049587,0.4976325859967433,-0.2157023226782333,0.6422732286794809,-0.14215442345773743,0.14464064268273757,-69.49759024511208,-54.16373898224313
27,0.061522397371988724,0.3367225667906513,-0.04603447601463906,0.4583869275145461,-0.10755687338662778,0.1216643607238948,-56.82409753413507,-52.132921490781
28,0.15778824107672595,0.3036680488465121,0.0801803602195803,0.3542181809885359,-0.07760788085714565,0.05055013214202381,-41.11444445368064,-29.02161229324344
29,0.2225374613432538,0.46753876250943843,0.16962928033199176,0.40018827549682845,-0.052908181011262045,-0.06735048701260998,-26.21883799783716,14.967568586939416
30,0.38138524570405163,0.621067274321833,0.2886661185978552,0.5281148551867403,-0.09271912710619645,-0.09295241913509267,-33.227023341820676,39.80032634103733
31,0.5374715767386846,0.6415259146541221,0.43638763285301896,0.6089894630563301,-0.10108394388566566,-0.03253645159779206,-42.35755868792263,25.999889691428862
32,0.6675860709270114,0.5127594821103391,0.5784753722566207,0.5711873056980598,-0.08911069867039068,0.058427823587720695,-42.252174016287086,-9.683601749940198
33,0.7782085430385881,0.370438506974579,0.7032011234336908,0.459443733962173,-0.07500741960489732,0.089005226987594,-37.74200897457841,-31.916703592561028
34,0.8034886813157185,0.3771746750230811,0.7757611141133898,0.3989348670554952,-0.027727567202328718,0.021760192032414083,-20.181515548229864,-17.569925664787892
35,0.8018273348068359,0.5137298188339646,0.8007228928287917,0.45243770541339784,-0.0011044419780441572,-0.061292113420566785,-3.0132763533068885,15.346564749891124
36,0.8091919382604409,0.6443233277512423,0.8108783944978375,0.564366057532609,0.0016864562373966052,-0.0799572702186333,2.808508647922626,32.13940806014041
37,0.81993886375729,0.8851993140020771,0.8208031162969569,0.7457290634343812,0.000864252539666932,-0.1394702505676959,4.321352958737692,52.373143039346395
38,0.8294260636847259,1.088669145563973,0.8306993923335435,0.9527968600450225,0.0012733286488175732,-0.13587228551895048,4.898459833721874,59.47372115464469
39,0.8157309721801584,1.3139023425508598,0.8287757501600532,1.1687288782788756,0.013044777979894784,-0.1451734642719842,8.738670143816845,61.33939817042333
40,0.659177246154629,1.5432393728448521,0.7467734830469592,1.393962187431233,0.0875962368923302,-0.14927718541361923,33.49564693393313,61.742556058691704
41,0.4721349478669725,1.751997596651326,0.5947922512675388,1.6126136499894486,0.12265730340056624,-0.13938394666187737,54.551295839726265,57.73374989132173
42,0.3063687676100306,1.9375863377699698,0.4271999975264704,1.8129443222481103,0.1208312299164398,-0.1246420155218595,58.46437356481401,51.669546885763204
43,0.2652348865513441,1.9801960391860538,0.3225957298804589,1.9312330286438648,0.05736084332911484,-0.04896301054218899,36.978514705901944,28.76436085806685
44,0.2598912226018584,1.85383916227206,0.2817702179676822,1.9097777132189013,0.021878995365823828,0.0559385509468413,14.342470595256236,-11.163275623239317
45,0.27358029763337677,1.629025956804981,0.2761328562565817,1.7626732528470108,0.0025525586232049147,0.13364729604202985,0.886570005642701,-47.62816430756134
46,0.3048843539448862,1.4543558682246656,0.2932395368087666,1.5839930855061972,-0.011644817136119645,0.12963721728153166,-6.866813417544699,-56.479203867946616
47,0.3306512927985148,1.265138857513762,0.31783475518752247,1.4007964479043484,-0.012816537610992329,0.13565759039058634,-9.318357972842762,-57.613245021809156
48,0.38118657470634254,1.1279139812441938,0.3556819733738761,1.2388962675035184,-0.02550460133246646,0.1109822862593246,-12.97179142439288,-50.84898330058234
49,0.5335081873178269,1.1243982289126886,0.4537894914790406,1.161428052296893,-0.07971869583878632,0.03702982338420435,-29.725261557723563,-24.076656955943353
50,0.7372962632117974,1.2920115499873899,0.617680563088056,1.2230855892985306,-0.11961570012374145,-0.06892596068885926,-46.78207065322717,19.04322148364965
51,0.9357165188778263,1.4274103112941292,0.8087332366062403,1.3456929250597898,-0.12698328227158595,-0.08171738623433944,-53.242567016917356,37.86364138211422
52,1.0963694596679774,1.440938405416099,0.9871107106878525,1.41624950609493,-0.10925874898012489,-0.02468889932116891,-49.7130618874872,22.204397182688723
53,1.2548848444461829,1.3862521956279479,1.1523449607697487,1.4106643160841021,-0.10253988367643418,0.024412120456154263,-46.692152703419524,-0.49237608072243744
54,1.38026591453793,1.4110551874854966,1.296813371420841,1.408504524698642,-0.08345254311708894,-0.002550662786854563,-39.85375740126283,0.28666470876731787
55,1.3840306518211318,1.5854498220785356,1.3668793845405571,1.5004261574739335,-0.0171512672805747,-0.08502366460460209,-14.855884606235865,26.604719879604055
56,1.2633867580450815,1.807895184742974,1.3263733742114545,1.6765823051737931,0.06298661616637302,-0.13131287956918092,20.80868654454712,48.95634265795916
57,1.1814747475857406,1.9807708398846136,1.246624844440299,1.862037338697331,0.06515009685455841,-0.11873350118728254,32.81772302926541,50.72475918875914
58,1.2384274762966472,2.028269796487923,1.2343302903878592,1.975640996764557,-0.004097185908787937,-0.05262879972336609,10.36913143846586,31.095927273876562
59,1.4341454787131123,2.126028230983232,1.341578825442428,2.0657536854344616,-0.09256665327068436,-0.06027454554877032,-26.969781592863878,27.240199575795724
60,1.5912841573139596,2.1600904398375507,1.4933717395318409,2.1285985575507356,-0.09791241778211868,-0.0314918822868151,-41.222066732373236,20.586749772753027
61,1.7485800448297346,2.0634461875152303,1.6490553721917238,2.104622351961908,-0.09952467263801079,0.04117616444667771,-44.18226427067765,-4.742967734549188
62,1.89050203763327,1.992585048793567,1.7985153625220311,2.040407845381825,-0.09198667511123881,0.047822796588258054,-43.05746299620554,-16.646303835448183
63,2.0234038701909416,1.9478044069008957,1.938072132339769,1.9842837158225701,-0.08533173785117265,0.03647930892167439,-39.81898982909876,-14.391000006500647
64,2.128762566713649,2.087382389866344,2.0589505706900435,2.02850833698869,-0.06981199602360544,-0.058874052877654126,-32.09152032049687,15.003126806577221
65,2.1957421839600357,2.2676292153756172,2.1485937347647743,2.162391731282109,-0.0471484491952614,-0.1052374840935082,-20.912494394125844,40.94797105436883
66,2.3019271097071714,2.3994708073945525,2.24066570238617,2.3057349609673663,-0.06126140732100138,-0.09373584642718624,-21.826948572083648,43.95125771486392
67,2.2619197126686013,2.457724801694647,2.269272013009135,2.4038708372444164,0.007352300340533802,-0.053853964450230496,-3.60126722808139,29.019183082865514
68,2.0547269139687097,2.5300776703570897,2.1647262792718216,2.480023818715865,0.10999936530311194,-0.05005385164122478,36.67542367299756,19.1843879004607
69,1.8971566432221447,2.5856060956264315,2.0110356463449715,2.544928298373924,0.11387900312282673,-0.04067779725250764,51.56379561778876,14.721508542005738
70,1.8161310914273114,2.5714877306610715,1.8929842112434647,2.568091521363256,0.07685311981615328,-0.003396209297815478,39.8654715381668,3.326744594980094
71,1.8613899399079439,2.5500625816359976,1.865083308544759,2.560408457652304,0.00369336863681502,0.01034587601630621,11.645749231243853,-3.5468282133376356
72,2.0123142612906784,2.485681415131893,1.9428787098783915,2.5210910856723006,-0.06943555141228686,0.03540967054040767,-21.42584741001667,-10.290725752572731
73,2.0653930087998402,2.3069437291782626,2.0245620277431082,2.4062694331815866,-0.040830981056731996,0.09932570400332397,-24.145017132457795,-32.63236181102421
74,1.9934664556914128,2.118160884243369,2.0236396729598845,2.240154748985178,0.030173217268471664,0.12199386474180907,0.32247090366075226,-50.056388517787596
75,1.8410469823996638,2.0003705459576224,1.9319182847853904,2.0934365472551857,0.0908713023857266,0.09306600129756326,28.9094715312634,-46.757904724522305
76,1.7684007564207103,1.9919911415142435,1.8367290202609245,2.022960226065145,0.06832826384021429,0.030969084550901638,31.849026931086904,-24.402844630153762
77,1.8470683642126304,2.0155912950747363,1.8334404482590236,2.0138240957862235,-0.013627915953606795,-0.0017671992885128773,5.023248698081818,-4.023692458033009
78,1.9663526559653906,2.0529183854527613,1.9094489667901806,2.035078706463405,-0.05690368917520994,-0.017839678989356234,-18.727343176494905,6.988193171438975
79,2.0156809349793043,2.174582589303663,1.9814352955562495,2.1099210481217763,-0.03424563942305481,-0.06466154118188694,-16.52254699540856,22.888206012694614
80,2.059980762198758,2.2931966818348304,2.0339773176785974,2.2172077141547413,-0.026003444520160457,-0.07598896768008911,-10.104364688812028,32.15449998390483
81,2.06539268307912,2.356943844277189,2.060658877993186,2.3051644363827775,-0.0047338050859342395,-0.05177940789441138,-2.791749605598616,25.89106421467058
82,1.9296243840191063,2.2643439343589287,2.001257745286433,2.2972831195952588,0.07163336126732656,0.032939185236330104,21.573258361448723,-4.646494477272692
83,1.6786255901673974,2.041916258879327,1.8297795666219296,2.163083090701792,0.1511539764545322,0.12116683182246524,53.59476662952137,-45.000126858495236
84,1.5158789017559267,1.8823664003032974,1.646092559265464,1.9969076667991579,0.1302136575095374,0.1145412664958605,57.11289947656421,-55.05306863037521
85,1.4501242092214266,1.8354797061751889,1.5264608185309556,1.8925125828873877,0.07633660930952901,0.05703287671219881,39.02133117473297,-35.50285687946092
86,1.5331758690058903,1.8593028318571938,1.5201046787380306,1.8655418331543814,-0.013071190267859745,0.006239001297187574,5.900078255333925,-9.955711590987244
87,1.7322069267593916,1.8851333607311593,1.6361957970511454,1.8761471975482915,-0.09601112970824621,-0.008986163182867823,-30.951634798547694,4.253011330830595
88,1.8785650905107452,2.0069025067370134,1.7857315099799314,1.9451133956952766,-0.09283358053081381,-0.06178911104173679,-40.075738485254085,22.620167035418717
89,2.01741242374227,2.1079915105078735,1.9286049552979097,2.04180274848801,-0.08880746844436027,-0.06618876201986357,-37.633966126180255,30.951604406950015
90,2.175452941297123,2.178231063968087,2.0776308112303603,2.1260025443373642,-0.09782213006676255,-0.052228519630722836,-40.04384203162808,27.632050814754987
91,2.3682981653838784,2.0903238622160774,2.250081892425671,2.1208474896926983,-0.11821627295820747,0.030523627476620963,-49.32701995651536,1.8455829566046469
92,2.514439193450974,1.8763518893438356,2.413952167450898,1.992516690260683,-0.10048702600007609,0.11616480091684744,-49.346255004206,-34.94759132677808
93,2.701988034799017,1.631626711117152,2.5861824322300664,1.7866317104613967,-0.11580560256895067,0.1550049993442446,-53.453541759762246,-57.88840633982354
94,2.906071292162562,1.345743487876121,2.7784494968521054,1.5386502063734788,-0.1276217953104566,0.19290671849735785,-60.350552263093526,-70.0
95,3.1220985901989304,1.0861086298934282,2.986259590593295,1.2894143030407461,-0.13583899960563528,0.20330567314731796,-65.07855451234188,-70.0
96,3.3067303895777447,0.8369209571301014,3.184363171352589,1.040643059037731,-0.12236721822515584,0.20372210190762952,-62.123083604592644,-70.0
97,3.353275149780535,0.6801827828190702,3.301970716635896,0.8139591418993346,-0.05130443314463928,0.13377635908026442,-37.03558621683675,-65.24278997243168
98,3.325246825142797,0.5097780087802258,3.3308167382257863,0.6311302072027773,0.005569913082989153,0.12135219842255152,-8.895759137716619,-54.143013727721275
99,3.2710597601435265,0.3928801778394647,3.3056045982147437,0.48363033134468236,0.03454483807121722,0.09075015350521765,8.4858664659112,-44.69145095774917
100,3.152553316414681,0.4242248265834936,3.22733649982636,0.43215649442515286,0.07478318341167922,0.007931667841659273,26.788736829975587,-17.21272010479279
101,3.032264091792617,0.5529157135521038,3.119204440277916,0.4897715546898526,0.08694034848529908,-0.06314415886225117,38.25826140800328,14.574353268031954
102,2.8829957603364536,0.6088083956269928,2.9879945810189974,0.5631399857346724,0.10499882068254385,-0.04566840989232046,45.83510178594118,18.607502166751495
103,2.7288142831458786,0.5854025311236044,2.8417476916356197,0.5842388021880295,0.1129334084897411,-0.0011637289355749258,49.638362655519764,2.610645862601564
104,2.5558454681111673,0.5671450780870384,2.6809099062181523,0.5753438505286682,0.12506443810698498,0.008198772441629809,53.78570904848635,-6.670378452273291
105,2.406254397150389,0.6126570667914878,2.523485207377157,0.591458277848816,0.11723081022676807,-0.021198788942671798,53.51700902032819,0.8687828286482735
106,2.415902492041161,0.797518771071755,2.451665502673913,0.6988651319298839,0.03576301063275178,-0.09865363914187109,29.28212312233911,30.07635126499432
107,2.423071678555182,0.9646273198444709,2.4372620932594162,0.8542719377105303,0.014190414704234211,-0.11035538213394058,12.692510955452056,45.537063930083235
108,2.47078827356774,1.0907438267400567,2.458547239798889,0.9981166471278294,-0.012241033768850773,-0.09262717961222722,1.4593122991647125,42.72253291662975
109,2.6453380571539222,1.0551027925814203,2.562093992642956,1.0483772784274143,-0.08324406451096644,-0.006725514154005907,-25.8155057945994,16.806791241661013
110,2.8472694729696433,0.8408044270695764,2.730393051120811,0.9464669967347454,-0.11687642184883229,0.10566256966516907,-48.958581723948186,-26.778713683539177
111,3.010343086428535,0.6004391198874818,2.903451322804374,0.7490405047546328,-0.1068917636241613,0.14860138486715102,-52.53539802433944,-54.865115064121206
112,3.0616100832303914,0.48782275004766656,3.0131065375632176,0.5835609474781008,-0.04850354566717385,0.09573819743043427,-32.61716969845949,-46.668854668205725
113,2.971672213058599,0.46824595535109975,3.009696704390954,0.5029159018723717,0.03802449133235486,0.03466994652127192,3.669119097892906,-24.045218239820482
114,2.8407971014862055,0.42545743385269336,2.923397809506056,0.4552090211375051,0.08260070801985053,0.029751587284811754,29.811703147516994,-16.191520544264495
115,2.792420999521821,0.27279048558770436,2.846468705101961,0.3559948376090706,0.054047705580139827,0.08320435202136622,26.052701448987765,-31.121365262961785
116,2.694404292879558,0.12917696750186614,2.765444165329623,0.22169993666431737,0.07103987245006493,0.09252296916245123,26.71447373401523,-41.405951415288634
117,2.657969740443449,0.028181134347622358,2.7029701954465715,0.10135191588579744,0.045000455003122664,0.07317078153817508,21.339590020387945,-36.472869572113964
118,2.6959718857029573,0.02182627626131578,2.696361469124977,0.04196005728820429,0.00038958342201977914,0.02013378102688851,5.3652141123396575,-16.664206030085268
119,2.737246266984723,0.030640249730052915,2.7233971443876404,0.028714611084953087,-0.013849122597082708,-0.001925638645099828,-4.116269397545399,-1.9678073691759996
120,2.7098523891680926,-0.011866174389331685,2.7262596759444975,0.005919268432070565,0.016407286776404906,0.01778544282140225,3.0678917709344176,-5.389438161944987
121,2.535849082157112,-0.12837206595294223,2.6339630149229945,-0.06836550797476082,0.09811393276588243,0.06000655797818141,31.260741068648063,-23.025653456539544
122,2.301678380913997,-0.23898475677744618,2.4527260173506136,-0.17088771431513178,0.15104763643661645,0.0680970424623144,58.07011542306857,-33.44413260803628
123,2.1243054384640563,-0.37059597664142,2.26181966786687,-0.2902826800771659,0.13751422940281355,0.08031329656425412,60.79910023957738,-38.3907101744332
124,2.0482050017978564,-0.5849344464759254,2.1312493295503456,-0.46064056114606344,0.08304432775248927,0.12429388532986196,41.27145989716694,-51.64302811505143
125,2.1145233119375644,-0.8112906378528575,2.1107310061678652,-0.6702091890932343,-0.0037923057696991336,0.14108144875962314,6.4821714705154125,-59.99754291085354
126,2.2448123375251345,-1.0293108997617888,2.184049914116144,-0.8889026803404034,-0.06076242340899052,0.14040821942138537,-22.951015203038075,-59.74631730161947
127,2.369409270385242,-1.2795948591499853,2.294634147388524,-1.1238435132239717,-0.07477512299671796,0.15575134592601358,-35.28302179773017,-63.1502596087924
128,2.526653527226033,-1.5067960470090043,2.430576523263559,-1.3586708537763799,-0.0960770039624741,0.1481251932326244,-43.72326337471572,-62.16631533612238
129,2.6583432961165654,-1.6893299901647967,2.5681097840025084,-1.565355498274374,-0.09023351211405695,0.12397449189042264,-44.30827930649208,-53.709668993574674
130,2.8814636514953196,-1.7540657047322736,2.7464161183666502,-1.695014478554695,-0.13504753312866935,0.05905122617757863,-55.84285842808247,-29.972415799978943
131,3.1071490573715694,-1.7015418553504058,2.9579212674339197,-1.717848816911721,-0.14922778993764974,-0.01630696156131517,-64.27848664550788,2.1825545224029828
132,3.2960153858550023,-1.6619925804799323,3.161249120867451,-1.6914088055094454,-0.1347662649875514,-0.029416225029513132,-60.89583500832208,16.088937395601285
133,3.3715164679306437,-1.5214733787578147,3.297708160681848,-1.6042439323327709,-0.07380830724879583,-0.08277055357495611,-39.05989676482035,31.96267711737682
134,3.2862702592086275,-1.2432768079638086,3.3099975536022046,-1.4090952518201374,0.023727294393577125,-0.16581844385632882,1.4467526786538245,60.632962453668966
135,3.128093498025508,-1.0173236357057456,3.215665999598944,-1.1797156378441924,0.08757250157343588,-0.16239200213844684,35.16149863640101,68.14506547785413
136,3.055457454558188,-0.9456162409580725,3.1185715601800297,-1.0302105293504473,0.06311410562184161,-0.08459428839237482,34.73640822547195,44.52990523514575
137,3.0395596971932424,-0.9951182206640997,3.067960204123305,-0.9982118481837797,0.028400506930062797,-0.003093627519680009,18.376699667111087,10.916100555379268
138,2.977447503671494,-1.1470214896974205,3.019367945634118,-1.0770068655879546,0.04192044196262401,0.0700146241094659,15.626746684262576,-21.867272478351484
139,2.836783981980614,-1.1939871177829384,2.9214208920432867,-1.1569058191215427,0.08463691006267249,0.037081298661395756,30.638110538337198,-23.300385155734002
140,2.7220936327442344,-1.1319791067020035,2.8054477941597376,-1.1586903638494515,0.08335416141550311,-0.02671125714744793,37.61578956895257,-0.3320793174298163
141,2.638927386635429,-1.1573829965837121,2.7063572219848764,-1.157992038733484,0.06742983534944758,-0.0006090421497719767,32.54541206326566,1.045270794087551
142,2.5649373358906233,-1.2707618436566337,2.6234605971725022,-1.2206384522457756,0.0585232612818789,0.05012339141085809,26.395113402262588,-17.177599530527292
143,2.460720546448325,-1.31603630854538,2.5317227219542944,-1.2865944426530884,0.07100217550596932,0.029441865892291474,29.0009849199183,-18.179794304295466
144,2.4441006376254766,-1.3930303626467628,2.474765227713454,-1.3537008548884382,0.030664590087977395,0.03932950775832467,18.257643037646073,-17.41977846705218
145,2.5570160814426095,-1.337269111203319,2.5115334064131813,-1.3618425901996911,-0.045482675029428155,-0.024573478996372078,-9.440854272350792,2.6147359170302353
146,2.6518033908483467,-1.2894179725265866,2.5940827511344464,-1.327094898774999,-0.05772063971390029,-0.03767692624841246,-22.720290802101786,16.441912367826173
147,2.66675670822398,-1.2433451077221163,2.6455259498225385,-1.283353339362098,-0.021230758401441285,-0.040008231639981684,-13.0078202182444,18.144323252748592
148,2.5319937993077826,-1.2965785617517187,2.595860420213841,-1.2874102448531346,0.06386662090605855,0.009168316898584106,17.151117038708435,1.2707651169495693
149,2.3255391455498615,-1.3250600010626283,2.4489958200798685,-1.3152421193396906,0.12345667453000697,0.009817881722937738,46.59711379103405,-8.144687280551853
150,2.202046173860672,-1.3752960979877864,2.3008648623738948,-1.3549843349080009,0.09881868851322295,0.02031176307978555,46.867939049539984,-11.419876153995363
151,2.160959814762765,-1.54121633087356,2.2118849485088576,-1.460733638398931,0.050925133746092754,0.08048269247462914,27.49663693380119,-29.228196787328738
152,2.280846119626253,-1.7741514323209384,2.237773498878361,-1.6443073395549548,-0.043072620747891754,0.12984409276598363,-9.423163665263019,-49.1814592037835
153,2.4891028856603974,-1.9426091390652527,2.3750494973619194,-1.8315273330352522,-0.114053388298478,0.11108180603000051,-44.07062380268181,-47.37383257296955
154,2.654873032388369,-1.9716629328928317,2.541582365531678,-1.9346218572585991,-0.11329066685669131,0.037041075634232534,-51.845801136529644,-21.90488883599698
155,2.846111882987781,-1.8400494272800354,2.7198467486479476,-1.9026410004550307,-0.12626513433983355,-0.06259157317499531,-53.088113980939276,18.083031956946495
156,3.0217838887888258,-1.7221823155126548,2.899554523629981,-1.8042014834838476,-0.12222936515884486,-0.0820191679711928,-52.331915084962276,37.4057917224639
157,3.1486357454931158,-1.763129413026077,3.0521263730926416,-1.7703835880655086,-0.09650937240047419,-0.0072541750394314874,-45.24457014557088,17.111137380049644
158,3.291253048322885,-1.985021752165748,3.1942065127831527,-1.880952761007848,-0.0970465355397323,0.10406899115790003,-44.84633041195863,-26.388327510428564
159,3.3482444796402278,-2.2270120443480286,3.2940585126193853,-2.0819159428689207,-0.05418596702084244,0.1450961014791079,-33.698918066693295,-54.69945973272387
160,3.24265806491722,-2.4633246665401924,3.281772922072611,-2.30933423560528,0.03911485715539076,0.1539904309349125,0.2168956542830429,-65.76787940328059
161,3.0263971855175105,-2.666722033080787,3.1465640559751047,-2.526694796730185,0.12016687045759422,0.1400272363506021,38.13993631163579,-66.03208105180434
162,2.8149431467370194,-2.881108503931916,2.95491376600553,-2.7399223732937275,0.13997061926851062,0.14118613063818852,55.45569425981208,-66.03798827459167
163,2.5717570209649665,-3.0579526194709743,2.7331142447361767,-2.93604165158808,0.1613572237712102,0.12191096788289446,65.02558495302227,-61.303149923939586
164,2.3329832926214724,-3.255898612892142,2.4982164565294482,-3.129695544897735,0.16523316390797582,0.12620306799440728,69.18978425285954,-60.333596328482166
165,2.0953313853167357,-3.390942542502733,2.2631347073427848,-3.296122412691604,0.16780332202604908,0.09482012981112886,70.0,-51.65129243114622
166,1.9376857376182288,-3.3741806631150304,2.0647673883241464,-3.364344561073336,0.1270816507059176,0.009836102041694605,60.92066334405215,-21.04916344508403
167,1.7635855057974648,-3.1812013557272985,1.887524563228383,-3.2829683780249774,0.12393905743091826,-0.10176702229767898,57.5766356102606,24.228957827494757
168,1.6650947115051404,-3.023636485272203,1.7502680971514244,-3.1384954382271744,0.08517338564628396,-0.11485895295497128,46.658874730068646,44.23654097417144
169,1.6772090139713232,-3.028447652276246,1.6964693780066549,-3.0661848883920024,0.019260364035331712,-0.037737236115756634,19.684875802413156,25.168814669736665
170,1.7942685546227275,-3.2264611151287754,1.7429724098359283,-3.1468089399620283,-0.051296144786799225,0.07965217516674716,-14.127852477095733,-17.590649525024936
171,1.8515941447218642,-3.3876183280097476,1.8106913802047755,-3.2941993564594103,-0.04090276451708874,0.09341897155033729,-22.021210091425182,-37.000876423951766
172,1.7737606497006073,-3.3941566836019708,1.8032871843549398,-3.3740046206961134,0.029526534654332526,0.02015206290585736,2.356540196641162,-19.013293289166104
173,1.5990696278356071,-3.2206593400583974,1.696431363793733,-3.310327031915005,0.0973617359581258,-0.0896676918566075,35.78270483675535,21.02858509094015
174,1.4438076663211135,-3.0674827230266377,1.5501905099096627,-3.1770686982945047,0.10638284358854921,-0.10958597526786695,49.33978402503929,40.817326979990305
175,1.31265871233536,-3.029310829137131,1.4096349836288948,-3.0872403389745604,0.09697627129353492,-0.05792950983742928,46.83898938546686,28.283745167212317
176,1.2010721753945655,-3.0284754360814232,1.2858637463284266,-3.0539363379145397,0.08479157093386114,-0.025460901833116445,40.6495999765944,12.09968712446757
177,1.1475867281856909,-2.9626699512679746,1.2000177229085838,-3.0118826635678384,0.05243099472289292,-0.04921271229986379,29.207350828864207,15.740848113750047
178,1.234724474437849,-2.776074810453764,1.2078382466281237,-2.8924056656044392,-0.02688622780972527,-0.1163308551506752,1.9748666447726753,41.18194611130574
179,1.3721166084148737,-2.5689505406280455,1.298081832809677,-2.7143686999884724,-0.07403477560519667,-0.1454181593604269,-22.13269485628865,60.84926832677509
180,1.474268460185832,-2.4219441596087807,1.4047696483572785,-2.545548793652837,-0.06949881182855355,-0.1236046340440562,-27.300650507477574,58.73814760335124
181,1.517147580954631,-2.411688255151699,1.4785965754864998,-2.4610354276152195,-0.03855100546813128,-0.04934717246352038,-18.85496936993425,32.973545901525746
182,1.5562490277890992,-2.584988570995728,1.5283227258350003,-2.522300653154266,-0.027926301954098953,0.06268791784146188,-14.3611850220541,-10.92852935777113
183,1.5458806830757346,-2.816388069152123,1.5457310085229934,-2.693923441392958,-0.0001496745527411747,0.122464627759165,-6.692431775134648,-44.62157183749797
184,1.5389383425630387,-2.91074594380928,1.5448116113142856,-2.840138002947528,0.00587326875124683,0.07060794086175193,-0.6350456810542082,-37.719980098266014
185,1.5366928162756985,-2.8860293898431846,1.5417286550547842,-2.8888232101060747,0.005035838779085644,-0.002793820262890101,1.9236295653599964,-8.97183027714949
186,1.5867162980347849,-2.88159336087451,1.565241215721561,-2.8942083094970448,-0.021475082313223925,-0.012614948622534872,-5.401468491078958,4.503393096760799
187,1.7188191975795104,-2.9466303679887798,1.6488893310942685,-2.9271618058291646,-0.06992986648524191,0.01946856215961512,-24.452500204268603,-2.1922688389072773
188,1.8510712706367562,-3.020379407611939,1.7674934121952375,-2.9875899917126993,-0.08357785844151877,0.03278941589923967,-35.82414232681612,-9.58554864460929
189,1.9929937722964652,-3.0429803263870987,1.900606956316202,-3.0317711707250115,-0.09238681598026321,0.011209155662087245,-40.08758603538267,-4.586942883947572
190,2.113712666739067,-2.896209765211281,2.0291838352123173,-2.9751409973150795,-0.08452883152674984,-0.07893123210379871,-36.83495843287589,25.018831312830436
191,2.2484091789707428,-2.650355871974551,2.1585989116526867,-2.8029901948358713,-0.08981026731805608,-0.15263432286132028,-34.953522739401976,59.16976620843701
192,2.325791866359167,-2.4751281881258436,2.2627068691580883,-2.6121498763181634,-0.06308499720107852,-0.13702168819231986,-26.99125700564438,63.92358152301897
193,2.270216021943569,-2.36216535808132,2.2809205217011734,-2.463599932539865,0.010704499757604236,-0.10143457445854498,-1.5771373959592254,49.06537718316317
194,2.177139536566795,-2.2917289919863673,2.227291117758382,-2.362437497170879,0.050151581191586914,-0.07070850518451177,19.555997750798273,33.218927220524535
195,2.1420187329372733,-2.2534716511351465,2.174456583068466,-2.3001258280018044,0.032437850131192825,-0.04665417686665796,18.644748102388224,21.88649146224326
196,2.236174275093207,-2.3898783102878784,2.199265729263668,-2.3429088687260715,-0.03690854582953884,0.046969441561806935,-7.201710062291903,-7.206087642475468
197,2.4728278484973196,-2.64962614012638,2.3453746793676986,-2.515252532601596,-0.127453169129621,0.1343736075247839,-47.113123287452666,-42.693065917749756
198,2.6339683945243633,-2.860163184082113,2.5189088988690083,-2.7255943656075536,-0.115059495655355,0.13456881847455948,-56.5407487475505,-53.73439352026902
199,2.713270174834377,-2.928517890720528,2.6425594163420736,-2.8640534570640357,-0.07071075849230324,0.06446443365649213,-39.935226135413764,-34.22145692200781
200,2.776797113802388,-2.879958800096016,2.726176846782607,-2.892450493919299,-0.050620267019781284,-0.012491693823283079,-25.453922219454398,-2.951189973083255
201,2.7879202346096625,-2.9238498107889335,2.7688616922755327,-2.910661247394911,-0.019058542334129847,0.013188563394022523,-12.672610842419138,-1.2041511080783887
202,2.783058642441713,-3.1344266053266017,2.7808693415753023,-3.0308000599789175,-0.0021893008664108926,0.10362654534768412,-5.256947974918569,-32.36956001494736
203,2.77319418210153,-3.3879894914796513,2.77869537569167,-3.2383196232658027,0.005501193590140119,0.14966986821384864,-2.5336442357956828,-58.728535083671225
204,2.7173480486272146,-3.611548198294173,2.748530024446377,-3.46455042535156,0.03118197581916249,0.14699777294261285,5.908177184953083,-64.97691375874231
205,2.5952855518621427,-3.8362088001372103,2.667085558991904,-3.6897911492610427,0.07180000712976131,0.14641765087616765,21.946127030522646,-65.82239063024059
206,2.538282022210398,-4.030772766348085,2.5891002232798215,-3.900214862337996,0.05081820106942336,0.13055790401008904,21.418578359947315,-61.00362121281969
207,2.46979938467646,-4.207812003232508,2.5207623720311383,-4.090839201628626,0.05096298735467819,0.11697280160388246,19.053092779115147,-54.55189524747537
208,2.463793211589326,-4.29659098484499,2.483679799974722,-4.227886066674659,0.01988658838539603,0.06870491817033031,10.667676697665465,-37.56725307948583
209,2.4583105025772443,-4.348015885597531,2.469311023813201,-4.311302331920584,0.01100052123595674,0.03671355367694673,4.850042670977484,-20.89320767810161
210,2.453118550762545,-4.344874760068859,2.461491494308165,-4.3442359166996285,0.008372943545620348,0.0006388433692308126,3.897411339477771,-5.646411883224861
211,2.4520244783979392,-4.308164864453865,2.457525740727313,-4.334106904882627,0.005501262329373535,-0.025942040428762247,3.586724123112612,7.275240150483254
212,2.449391414330404,-4.285161193312147,2.454759533952272,-4.31140886731988,0.005368119621867784,-0.02624767400773287,3.455406420862324,11.033544646172844
213,2.4635751561632127,-4.2160898197919945,2.4604631465610542,-4.265428005904696,-0.0031120096021584054,-0.0493381861127018,1.2935433966073622,18.144463671325305
214,2.468717871002161,-4.000849322826458,2.4676612208624573,-4.129431838462317,-0.0010566501397035744,-0.1285825156358591,2.58967030951153,44.863969762264915
215,2.4919185302538867,-3.8129200069827833,2.481925056589058,-3.9489905666345817,-0.009993473664828834,-0.13607055965179837,1.1875208063517813,58.11434359367342
216,2.4743711931209806,-3.6663516006555543,2.48199211558402,-3.7834744100597195,0.00762092246303947,-0.1171228094041652,5.091732997191789,53.158635073510276
217,2.3102856379942756,-3.6615393821387654,2.3958765601728587,-3.7025080928438223,0.0855909221785831,-0.04096871070505692,29.735818141564387,25.765852705238125
218,2.1316087676844773,-3.797802512217507,2.246268408718032,-3.7479017520324422,0.11465964103355475,0.04990076018506473,46.651137457866824,-13.238196851250988
219,1.9755170697927502,-3.860530506604977,2.087295587602759,-3.823156085853499,0.1117785178100088,0.0373744207514779,48.977258076271994,-22.085307827344785
220,1.820282458284714,-3.775954199504355,1.9308311613687539,-3.815832268606825,0.11054870308403997,-0.03987806910247027,49.90190211475569,2.6857209612590287
221,1.6542827276515797,-3.561719642598297,1.7696636331531623,-3.687468326896829,0.11538090550158264,-0.12574868429853225,53.76348900152337,38.594785700928185
222,1.5709449281486028,-3.3539243428739787,1.6461947177116891,-3.4999647271194716,0.07524978956308637,-0.14604038424549293,43.36685423813728,57.18568322759325
223,1.6031240497120969,-3.108368359144891,1.6095251611325603,-3.279246739166406,0.006401111420463401,-0.1708783800215148,17.40030023142252,69.39100701310934
224,1.7696139250007499,-2.8790993953722603,1.6885888676383245,-3.06710404333355,-0.08102505736242538,-0.1880046479612898,-18.286826269727936,70.0
225,1.952674857318811,-2.714117054305107,1.8397324473235175,-2.8616536703396767,-0.11294240999529359,-0.1475366160345697,-40.60118880614167,70.0
226,1.997671339481626,-2.6675951455096474,1.9449683151139974,-2.739994145225192,-0.052703024367628526,-0.07239899971554475,-28.301549206217476,43.96217424894421
227,1.8779822846082204,-2.7134216490315834,1.9244061119097315,-2.7190531780464644,0.04642382730151118,-0.005631529014880954,8.233489371260688,10.799152548745013
228,1.7016310533532208,-2.6411268491019637,1.8042440846808745,-2.687819510363577,0.10261303132765365,-0.0466926612616132,39.080004778291084,11.39421854355819
229,1.6493538265873116,-2.442538518458564,1.7057768180752855,-2.563968340982024,0.05642299148797392,-0.12142982252346002,34.41712438048861,39.66866712091766
230,1.7172497691502495,-2.282518079610531,1.700825697351772,-2.40543366506715,-0.016424071798477602,-0.12291558545661907,6.522754248347554,52.57511965975593
231,1.8669562103140058,-2.1752894786162047,1.7894321828775723,-2.2723442150541233,-0.0775240274364335,-0.09705473643791862,-22.668464517941548,47.496474218106975
232,1.992914840420981,-2.21996428644068,1.9101832981786457,-2.2338092428494964,-0.08273154224233537,-0.013844956408816333,-34.47653862168181,20.151109507003753
233,2.1165955751825694,-2.3446659859662136,2.033425055543205,-2.2954957022553804,-0.0831705196393644,0.04917028371083321,-37.38709812888394,-9.750165930596992
234,2.22509525156092,-2.435586880391228,2.1491433728066904,-2.3856546401124294,-0.0759518787542297,0.04993224027879872,-35.86610745335691,-18.664855324982334
235,2.327970659738951,-2.5837679935809637,2.256560035111219,-2.5044636081414366,-0.07141062462773196,0.079304385439527,-34.10095887385388,-27.677466489027626
236,2.4406791593080217,-2.7367453871862217,2.365456527803754,-2.6464828836102408,-0.07522263150426767,0.09026250357598098,-35.20178779370286,-34.84960278431992
237,2.4874873884940727,-2.828377667306149,2.444043293772512,-2.7651850365649286,-0.043444094721560855,0.0631926307412205,-25.562715426076295,-29.043043187651076
238,2.511795760925315,-2.8463177411327734,2.4883526527640494,-2.826956962848636,-0.023443108161265602,0.019360778284137403,-13.952392647104798,-13.269587542788226
239,2.5400829742434445,-2.8943612131191023,2.5200938699059057,-2.8716660667278764,-0.019989104337538866,0.02269514639122594,-9.765013017974223,-8.665856736213653
240,2.510564283668304,-2.849501436326306,2.520454903571075,-2.8721894755247623,0.009890619902770847,-0.022688039198456522,0.7553508200849315,3.5592859429425854
241,2.465333250817043,-2.727368302921513,2.49124165309522,-2.801086188362092,0.025908402278177256,-0.07371788544057889,11.267655221301467,24.07985617142189
242,2.379225801734768,-2.654411930740792,2.429865014403184,-2.7176376892418475,0.05063921266841609,-0.06322575850105538,21.387797803306363,27.0412868974724
243,2.3366890675804775,-2.5728334241705455,2.372513325578435,-2.637917664493001,0.03582425799795752,-0.06508424032245541,20.103968797604875,26.238665570986957
244,2.1684783568968653,-2.6482902037435267,2.2630859109097607,-2.6356767209661616,0.09460755401289545,0.012613482777365181,34.61754397044254,2.110436256206885
245,2.0198588994794044,-2.8768084805791903,2.121484932603642,-2.767118476451164,0.10162603312423757,0.10969000412802643,41.98141522036528,-38.118975024750014
246,1.8459780948237117,-3.067951523809534,1.9627125070826592,-2.950916024549628,0.11673441225894754,0.11703549925990586,46.40954047442694,-53.84891130911069
247,1.610162017892264,-3.1271832799907417,1.7623828996395319,-3.074329886165695,0.1522208817472679,0.05285339382504661,60.6005754534865,-36.78089124640587
248,1.3804981520517305,-3.0874517545170086,1.5396384195956077,-3.101720237167289,0.1591402675438771,-0.014268482650280578,69.62173762635204,-8.653080788159093
249,1.1769473472837235,-3.118048339053256,1.3250067680398874,-3.1156315939714982,0.14805942075616385,0.0024167450817578207,67.57087668786538,-4.291447108858792
250,1.0260936991973646,-3.2748984181642955,1.1447873744705341,-3.204827108804605,0.11869367527316954,0.0700713093596903,55.57435917079321,-25.719149602125956
251,0.8474275105271256,-3.4075681187203903,0.9717538329705748,-3.330678556865396,0.12432632244344921,0.07688956185499451,52.558801825628436,-36.58538933599482
252,0.7240740290268042,-3.489483530622669,0.8218387359789991,-3.4353454364645026,0.09776470695219497,0.05413809415816617,45.646157631681994,-30.0545642334317
253,0.6734187845372994,-3.504354137197178,0.7269621492883565,-3.4893686018950225,0.05354336475105703,0.014985535302155295,29.434330168956123,-14.00111820665096
254,0.5599390733205927,-3.502071024351205,0.6323321624961133,-3.5061867826652353,0.07239308917552068,-0.004115758314030327,29.871839692581776,-3.182467085020321
255,0.5149663250878644,-3.5094723321660313,0.557923678237165,-3.513718299124577,0.0429573531493006,-0.004245966958545733,23.629691657864456,-0.04856561251605725
256,0.6311109924984533,-3.5101312208067097,0.5851831333613555,-3.5177527182638157,-0.04592785913709774,-0.007621497457106052,-7.725062297466189,3.470478094031428
257,0.8645013395695034,-3.53333056447844,0.7357080475336468,-3.5309729657986826,-0.12879329203585654,0.0023575986797572668,-45.736094813017644,3.8618443778284357
258,1.0693279197406267,-3.6030252392312083,0.9324793180493358,-3.575190907532037,-0.13684860169129087,0.027834331699171155,-60.26800016692123,-4.079624574209776
259,1.1326741544581984,-3.802440890248867,1.0647095698756261,-3.702962694793204,-0.06796458458257226,0.09947819545566272,-41.814772748600234,-30.42693402264291
260,1.0688098391543488,-4.081826350064032,1.0835808465817969,-3.9222151835730865,0.01477100742744808,0.15961116649094587,-8.749290807310393,-60.582856857101554
261,0.888011682857133,-4.303710327007238,0.9837965525241166,-4.1551737266039686,0.09578486966698363,0.14853660040326933,27.24835383571846,-68.08206831067356
262,0.7963859867285201,-4.485701135954071,0.8691828418590903,-4.3582579351655735,0.07279685513057021,0.12744320078849736,31.974139001219683,-60.31019680747565
263,0.7384503374304716,-4.677367179015444,0.7873473448763271,-4.549568348197034,0.048897007445855456,0.12779883081840993,21.64853497697634,-56.779834345088425
264,0.6735081571255437,-4.788320203791486,0.718725164544876,-4.699655119186493,0.04521700741933232,0.088665084604993,17.975964812596107,-44.93646296360708
265,0.5180496829603904,-4.75258325948823,0.606974641693685,-4.746988753325244,0.08892495873329453,0.005594506162985624,32.92618081155983,-16.12856235150949
266,0.3872532794003938,-4.532959979440594,0.4752549407302442,-4.640926935806705,0.08800166132985043,-0.10796695636611098,41.78602354082026,28.38748533857954
267,0.2293571843456752,-4.288562291282803,0.3301953511415805,-4.440141758328649,0.10083816679590529,-0.15157946704584635,47.559454695584506,56.04250787256712
268,0.08045567675629273,-4.094361019864172,0.18000016505089922,-4.233538853252701,0.09954448829460649,-0.13917783338852896,49.11251577204536,57.923921479940915
269,-0.07117713232925538,-3.8784345968743654,0.02904632095436266,-4.026124645307738,0.10022345328361804,-0.14769004843337274,49.20676873266597,58.66991320923873
270,-0.17569900977565944,-3.7458771189108404,-0.09920223858286092,-3.855674992193707,0.07649677119279852,-0.10979787328286639,41.3258114787321,49.01016402301324
271,-0.1362858860786751,-3.691488777986966,-0.13851665887147158,-3.75304607835022,-0.002230772792796487,-0.06155730036325391,12.483098081103757,31.85983257202343
272,0.05182542611188645,-3.6509428357297358,-0.046180786853833755,-3.693088529197756,-0.09800621296572021,-0.04214569346802044,-28.811401828198928,22.982471814519208
273,0.14767067212343232,-3.5929913315787765,0.07026148930519516,-3.6390487343182083,-0.07740918281823717,-0.04605740273943182,-35.96548847705304,22.06142502650303
274,0.101917888934691,-3.3919124500211324,0.10155205639774256,-3.51097385646195,-0.00036583253694844053,-0.11906140644081775,-7.880769399391191,42.109582087428485
275,-0.10943634805494751,-3.194573826276116,-0.005658528878264346,-3.3327289400937516,0.10377781917668316,-0.13815511381763557,35.96394618458667,54.03715430233745
276,-0.2415917292017581,-3.074300314561835,-0.14926573929170361,-3.180306391017799,0.09232598991005447,-0.10600607645596405,46.54434603884849,46.19768553695374
277,-0.34222637087138125,-3.0765871314190645,-0.2692596353087433,-3.1135338357104114,0.07296673556263794,-0.03694670429134694,37.31904144229524,22.046081885882256
278,-0.4212734988124816,-3.2226947066578697,-0.3648338011892815,-3.1691815630917066,0.056439697623200114,0.0535131435661631,27.073640823954282,-13.333289084484159
279,-0.5093121093556823,-3.288813832899219,-0.4534064996814022,-3.249981182667068,0.0559056096742801,0.03883265023215099,24.046324191097284,-20.73472091446281
280,-0.4489515733163683,-3.2243569201508664,-0.46798606311226293,-3.2545038106927136,-0.019034489795894616,-0.03014689054184716,2.439740093598189,3.572108816283633
281,-0.28674046012386867,-3.171641190316769,-0.3772552302823228,-3.2151185008928054,-0.0905147701584541,-0.04347731057603621,-29.10656552719324,19.266842262455512
282,-0.20580962333737995,-3.0124846308430646,-0.27465264865013145,-3.113039657085425,-0.0688430253127515,-0.10055502624236023,-31.176635568600037,38.23011629141179
283,-0.25011241804520934,-2.8074803334317395,-0.24979315203106772,-2.9472491408958232,0.00031926601414161704,-0.1397688074640837,-5.5612744597079375,55.464016397080094
284,-0.4122499751048828,-2.61320145429127,-0.33385612062752834,-2.759238694658475,0.07839385447735447,-0.146037240367205,28.627461489245263,59.8642684983187
285,-0.5078349659925906,-2.468574572992993,-0.4416756936488686,-2.592372975875454,0.06615927234372199,-0.12379840288246102,35.42379054149312,53.62943117303
286,-0.46070126478601187,-2.4810916969084587,-0.4695995533673218,-2.520925209090966,-0.008898288581309921,-0.0398335121825073,8.767151482679262,27.813585417281438
287,-0.2669075340217807,-2.6579911015172972,-0.369538096608874,-2.593004360991305,-0.1026305625870933,0.06498674052599229,-33.457667206147384,-11.409016112910995
288,-0.07638658690748346,-2.826065460686594,-0.2022964705576742,-2.736456543792748,-0.12590988365019073,0.08960891689384587,-55.25902673454322,-31.13191099886963
289,0.1554816259674463,-3.0873393319614286,0.0033496608887806367,-2.943553556902189,-0.15213196507866567,0.14378577505923973,-67.90408830887381,-49.55778364271053
290,0.35574294652942173,-3.3363986716795164,0.21310006084601651,-3.1824808170181824,-0.14264288568340522,0.153917854661334,-69.33879091303585,-59.68903177531022
291,0.5521657392484893,-3.544365527207666,0.41463589663319866,-3.4067373195966453,-0.13752984261529067,0.13762820761102068,-66.1551976423881,-56.455746418230895
292,0.6068001622568793,-3.6504859224455246,0.5419393750169024,-3.567136884938642,-0.0648607872399769,0.0833490375068826,-41.79509631367407,-40.15115534780716
293,0.5890241190083212,-3.705746733802286,0.5804065355652583,-3.6618803570962672,-0.008617583443062848,0.043866376706018784,-13.078702742410414,-23.372343237108172
294,0.6402872673544864,-3.702244612827865,0.6125075847908461,-3.698002444859845,-0.027779682563640273,0.004242167968020016,-9.992990949534109,-6.405529746001348
295,0.8169771151112994,-3.5655017159714664,0.721251944533523,-3.6388104088279234,-0.09572517057777641,-0.07330869285645703,-31.630535632374677,23.74896117567017
296,1.084068477675973,-3.44972586163723,0.924891216452576,-3.534824424900703,-0.15917726122339704,-0.08509856326347309,-59.59530136461556,39.76280891112418
297,1.272901221097405,-3.3266308736030306,1.1358897775524084,-3.419677111821785,-0.1370114435449965,-0.09304623821875424,-61.168788106763024,43.78359291301853
298,1.3708245754241943,-3.070533037185669,1.2856395300178143,-3.232779409198577,-0.08518504540638006,-0.16224637201290815,-40.59545106836072,63.98936157877746
